,Provincia,Estadillo,TREE_ID_IFN2,rumbo,distancia,specie,dbh_1,dbh_2,height,quality,shape,special_param,INVENTORY_ID,PLOT_ID,TREE_ID,IFN_TREE_ID,dbh,expan,basal_area
288081,16,2992,1,4, 6.8,26,242,242,8,2,2,,IFN2,16_2992,16_2992_1,IFN2_16_2992_1,24.2,14.1471060526129,459.960580412082
288082,16,2992,2,293, 8.4,26,171,185,7,2,2,,IFN2,16_2992,16_2992_2,IFN2_16_2992_2,17.8,31.8309886183791,248.845554090848
288083,16,2992,3,398,23.3,24,418,470,11.5,2,2,,IFN2,16_2992,16_2992_3,IFN2_16_2992_3,44.4,5.09295817894065,1548.30252339519
